OBJECTID,ID,NAME,STATE_NAME,ST_ABBREV,UniqueID,UNEMPRT_CY,POPGRW00CY,Observed,Cond,LocalR2,Predicted,Intercept,C1_Pop_Change,Residual,StdError,Correlation,ColorRGB,ColorHex,Shape__Area,Shape__Length
1297,13029,Bryan County,Georgia,GA,1297,8.300000000000001,3.580000000000000,8.300000000000001,2.557640595759565,0.269094024560254,8.144533605138822,13.342421989968305,-1.451924129840638,0.155466394861179,1.830152380473669,weakly negative,"223,170,88",DFAA58,1619791084.412109375000000,331882.543779724568594
1298,13051,Chatham County,Georgia,GA,1298,10.600000000000000,1.080000000000000,10.600000000000000,2.544351850675421,0.331030941732089,12.102090064387909,13.892811927590955,-1.658075799262079,-1.502090064387909,2.251435900916421,weakly negative,"223,170,88",DFAA58,1733206651.644531250000000,375646.600579000602011
1299,13087,Decatur County,Georgia,GA,1299,16.699999999999999,0.490000000000000,16.699999999999999,1.775345655827451,0.092922570773986,11.525189752246460,11.959198690606758,-0.885732527265916,5.174810247753539,2.251770177713074,weak,"231,228,187",E7E4BB,2198050298.007812500000000,208900.532261387939798
1300,13103,Effingham County,Georgia,GA,1300,10.199999999999999,3.650000000000000,10.199999999999999,2.205799147061485,0.419747968571871,7.295075288350127,15.479437383236812,-2.242290984900462,2.904924711649873,1.857466334595740,weakly negative,"223,170,88",DFAA58,1757363911.634765625000000,246661.836519206495723
1301,13251,Screven County,Georgia,GA,1301,16.399999999999999,0.040000000000000,16.399999999999999,1.797869944570238,0.493119558627270,16.814408865635890,16.931509098873327,-2.927505830935943,-0.414408865635892,2.208198643574377,negative,"221,91,59",DD5B3B,2407227793.685546875000000,274899.859502947656438
1302,13253,Seminole County,Georgia,GA,1302,10.300000000000001,-0.040000000000000,10.300000000000001,1.714823542733371,0.108544876091792,11.948338872621820,11.909462130269780,-0.971918558800968,-1.648338872621819,2.223136962546809,weak,"231,228,187",E7E4BB,906218438.822265625000000,155537.916365338227479
1310,13007,Baker County,Georgia,GA,1310,13.600000000000000,-0.170000000000000,13.600000000000000,1.186789215553727,0.107898409552799,12.781220823214802,12.621059481595847,-0.942125538935032,0.818779176785197,2.244161379329455,weak,"231,228,187",E7E4BB,1243152513.464843750000000,221666.780482905567624
1311,13037,Calhoun County,Georgia,GA,1311,13.000000000000000,-0.120000000000000,13.000000000000000,1.058151069976516,0.093440258359496,12.884441762153051,12.782706279136406,-0.847795691805382,0.115558237846949,2.267898381559483,weak,"231,228,187",E7E4BB,1014200435.814453125000000,177828.181364958087215
1312,13061,Clay County,Georgia,GA,1312,10.300000000000001,-0.340000000000000,10.300000000000001,1.011448856613458,0.067124293907351,13.076142710432283,12.796595873933228,-0.822196577938394,-2.776142710432282,2.245481956985489,weak,"231,228,187",E7E4BB,777369075.664062500000000,158996.647186904679984
1313,13099,Early County,Georgia,GA,1313,12.500000000000000,-0.580000000000000,12.500000000000000,1.132265799075816,0.080696212330405,12.879439363028917,12.330898640062006,-0.945759867184329,-0.379439363028917,2.158610016332762,weak,"231,228,187",E7E4BB,1838388771.023437500000000,229636.244379568059230
1314,13201,Miller County,Georgia,GA,1314,7.800000000000000,-0.390000000000000,7.800000000000000,1.299538199801629,0.062915780743469,12.552734976127153,12.226356605776729,-0.836867616283137,-4.752734976127154,2.178122806085049,weak,"231,228,187",E7E4BB,1006619418.730468750000000,137847.918757497944171
1315,13239,Quitman County,Georgia,GA,1315,14.199999999999999,0.310000000000000,14.199999999999999,1.008836586344632,0.058331888048140,13.065434070589372,13.291222873845697,-0.728350978246210,1.134565929410627,2.229385956533195,weak,"231,228,187",E7E4BB,579655202.199218750000000,114191.709648331641802
1316,13243,Randolph County,Georgia,GA,1316,16.300000000000001,-0.800000000000000,16.300000000000001,1.003900770167577,0.058102497864255,13.601888771217061,13.090521547569429,-0.639209029559541,2.698111228782940,2.167522127052735,weak,"231,228,187",E7E4BB,1548262924.126953125000000,197453.284446253965143
1317,13273,Terrell County,Georgia,GA,1317,12.900000000000000,-0.400000000000000,12.900000000000000,1.070840820322800,0.136711596465922,13.561863072491768,13.208993506694341,-0.882173914493566,-0.661863072491768,2.232950293957845,weak,"231,228,187",E7E4BB,1213625782.388671875000000,177854.574957180448109
1345,13053,Chattahoochee County,Georgia,GA,1345,17.800000000000001,1.430000000000000,17.800000000000001,1.386609762969606,0.093247664557884,12.414844127602736,13.624709577484973,-0.846059755162404,5.385155872397265,2.096560400480695,weak,"231,228,187",E7E4BB,914735595.707031250000000,172836.512160086276708
1346,13145,Harris County,Georgia,GA,1346,7.500000000000000,2.640000000000000,7.500000000000000,1.902224903432576,0.244537625140000,10.672791026441706,14.155064625878801,-1.319043030089808,-3.172791026441706,1.877418252280897,weakly negative,"223,170,88",DFAA58,1735375174.503906250000000,193985.559185323829297
1347,13197,Marion County,Georgia,GA,1347,9.600000000000000,-0.120000000000000,9.600000000000000,1.455129879055205,0.073053562637786,13.539850195046856,13.454317409584117,-0.712773212189496,-3.939850195046857,2.228542491287148,weak,"231,228,187",E7E4BB,1337551839.605468750000000,184239.692570571642136
1348,13215,Muscogee County,Georgia,GA,1348,11.800000000000001,0.060000000000000,11.800000000000001,1.566224126355170,0.159026015525334,13.853593665325427,13.921313634224742,-1.128666148321913,-2.053593665325426,2.222509329083737,weak,"231,228,187",E7E4BB,807286458.644531250000000,157485.908049394434784
1349,13259,Stewart County,Georgia,GA,1349,14.199999999999999,-1.030000000000000,14.199999999999999,1.137403790171710,0.064218400782686,14.185772710572104,13.493230089521429,-0.672371476748229,0.014227289427895,2.056089652487088,weak,"231,228,187",E7E4BB,1676120449.996093750000000,196032.631895158818224
1350,13263,Talbot County,Georgia,GA,1350,11.000000000000000,0.020000000000000,11.000000000000000,1.959577828580838,0.137281880932787,13.518284907323613,13.536934981772184,-0.932503722428579,-2.518284907323613,2.193330869224779,weak,"231,228,187",E7E4BB,1447709344.839843750000000,200965.175849646067945
1351,13307,Webster County,Georgia,GA,1351,12.900000000000000,-0.740000000000000,12.900000000000000,1.181398085425239,0.080984901769254,13.938681136453829,13.415982023307173,-0.706350152900887,-1.038681136453828,2.183506485549888,weak,"231,228,187",E7E4BB,760194657.031250000000000,141722.337232342280913
1352,13003,Atkinson County,Georgia,GA,1352,17.800000000000001,0.840000000000000,17.800000000000001,3.037177512793574,0.038210340573786,12.594256491525311,13.548599770934850,-1.136122951678022,5.205743508474690,2.238562106830205,weak,"231,228,187",E7E4BB,1225316066.896484375000000,196256.558400501729921
1353,13017,Ben Hill County,Georgia,GA,1353,15.000000000000000,0.080000000000000,15.000000000000000,2.188452992558175,0.029375312552216,13.561064891070675,13.621790569931676,-0.759070985762521,1.438935108929325,2.188603601227763,weak,"231,228,187",E7E4BB,912784225.912109375000000,168563.483550004457356
1354,13019,Berrien County,Georgia,GA,1354,12.100000000000000,0.540000000000000,12.100000000000000,2.557528463428508,0.060620698888154,12.945683887468240,13.603236790921272,-1.217690561950060,-0.845683887468240,2.256001956139054,weakly negative,"223,170,88",DFAA58,1628034869.615234375000000,228222.185371671163011
1355,13023,Bleckley County,Georgia,GA,1355,12.500000000000000,0.950000000000000,12.500000000000000,1.986166299107503,0.163061028964052,12.251758320932561,13.709605434936137,-1.534575909477447,0.248241679067439,2.207807963057005,weakly negative,"223,170,88",DFAA58,799038466.496093750000000,135236.849229541898239
1356,13069,Coffee County,Georgia,GA,1356,18.000000000000000,0.840000000000000,18.000000000000000,2.986562174335489,0.011417505478353,12.821039291520183,13.367147291829752,-0.650128571797106,5.178960708479817,2.229132645359570,weak,"231,228,187",E7E4BB,2155147855.166015625000000,249094.822199318325147
1357,13075,Cook County,Georgia,GA,1357,13.100000000000000,0.560000000000000,13.100000000000000,2.445414718354163,0.108351040960846,12.576943938429890,13.382644519400444,-1.438751037447418,0.523056061570109,2.255694925678042,weakly negative,"223,170,88",DFAA58,827411928.425781250000000,162316.340427063318202
1358,13091,Dodge County,Georgia,GA,1358,11.000000000000000,0.350000000000000,11.000000000000000,2.124500678608797,0.072034097176855,12.875819296282151,13.258970297242058,-1.094717145599736,-1.875819296282151,2.231110078153050,weak,"231,228,187",E7E4BB,1823852130.199218750000000,245618.861992092512082
1359,13155,Irwin County,Georgia,GA,1359,17.000000000000000,0.270000000000000,17.000000000000000,2.190057903150856,0.029778036794564,13.587042634039273,13.793259199345247,-0.763765056688789,3.412957365960727,2.227994784341631,weak,"231,228,187",E7E4BB,1299300379.175781250000000,189291.944082902366063
1360,13161,Jeff Davis County,Georgia,GA,1360,14.199999999999999,0.550000000000000,14.199999999999999,3.222065976319534,0.003761129919822,12.509112445855827,12.710851303154653,-0.366797922361502,1.690887554144172,2.251078769147908,weak,"231,228,187",E7E4BB,1206508378.646484375000000,189085.791680175607326
1361,13167,Johnson County,Georgia,GA,1361,12.500000000000000,1.020000000000000,12.500000000000000,1.760537461009571,0.464290697512159,11.435340954281205,15.943878882355749,-4.420135223602493,1.064659045718795,2.088551718918397,strongly negative,"181,64,31",B5401F,1124176213.718750000000000,192964.626329458231339
1362,13175,Laurens County,Georgia,GA,1362,12.199999999999999,0.650000000000000,12.199999999999999,2.166618948306819,0.234980750074360,12.526755955027005,14.102215697991632,-2.423784219945579,-0.326755955027005,2.224470643073961,weakly negative,"223,170,88",DFAA58,2986862708.197265625000000,242056.545986337121576
1363,13235,Pulaski County,Georgia,GA,1363,10.699999999999999,0.260000000000000,10.699999999999999,1.824477820918149,0.138714688899294,13.144742100053264,13.460264827786801,-1.213548952821297,-2.444742100053265,2.237193398985659,weakly negative,"223,170,88",DFAA58,907721322.914062500000000,145446.180949450324988
1364,13271,Telfair County,Georgia,GA,1364,15.199999999999999,1.220000000000000,15.199999999999999,2.682789804035214,0.005606712182509,12.501729514321752,13.016975855130930,-0.422333066237031,2.698270485678247,1.971980395751118,weak,"231,228,187",E7E4BB,1601708903.660156250000000,235580.816857354977401
1365,13289,Twiggs County,Georgia,GA,1365,15.500000000000000,-0.380000000000000,15.500000000000000,2.064913883816650,0.263819056270730,15.294965741750133,14.522970617512733,-2.031566116414211,0.205034258249867,2.010822764927079,weakly negative,"223,170,88",DFAA58,1329371247.187500000000000,203882.594289848435437
1366,13309,Wheeler County,Georgia,GA,1366,9.699999999999999,1.160000000000000,9.699999999999999,2.808765505458888,0.040438816437424,11.729762521647872,12.977371192281119,-1.075524716063144,-2.029762521647873,2.094926010582052,weak,"231,228,187",E7E4BB,1087139790.951171875000000,197380.348970588936936
1367,13315,Wilcox County,Georgia,GA,1367,10.900000000000000,0.190000000000000,10.900000000000000,1.810103288846741,0.115355119531741,13.369110144991335,13.583781591287224,-1.129849717346776,-2.469110144991335,2.233744711232180,weak,"231,228,187",E7E4BB,1383822082.556640625000000,197463.119884161395021
1368,13319,Wilkinson County,Georgia,GA,1368,14.600000000000000,-0.150000000000000,14.600000000000000,1.869293395434808,0.393186295180361,16.174042930077498,15.731023332314379,-2.953463985087464,-1.574042930077498,2.150742303560927,negative,"221,91,59",DD5B3B,1661444064.582031250000000,204910.964604556240374
1378,13027,Brooks County,Georgia,GA,1378,9.500000000000000,0.020000000000000,9.500000000000000,2.724383189723105,0.122214510090799,12.710704698981816,12.736199449435002,-1.274737522659279,-3.210704698981816,2.072786150108480,weakly negative,"223,170,88",DFAA58,1754429634.597656250000000,253985.728031140839448
1379,13065,Clinch County,Georgia,GA,1379,10.900000000000000,0.020000000000000,10.900000000000000,3.247047817486934,0.026760470780039,12.582954245422590,12.596533269816444,-0.678951219692667,-1.682954245422589,1.966183758904343,weak,"231,228,187",E7E4BB,2909321796.968750000000000,264653.852728473779280
1380,13101,Echols County,Georgia,GA,1380,8.699999999999999,1.450000000000000,8.699999999999999,3.438839903655250,0.019916192348208,11.358439278120990,12.141214531573034,-0.539845002380720,-2.658439278120991,2.170471511562326,weak,"231,228,187",E7E4BB,1479101334.363281250000000,184665.772274783899775
1381,13131,Grady County,Georgia,GA,1381,11.900000000000000,0.650000000000000,11.900000000000000,1.879946076875969,0.116553759910691,11.574625828353302,12.187811156208571,-0.943362042854261,0.325374171646699,2.250062587652387,weak,"231,228,187",E7E4BB,1623415638.724609375000000,169508.861363103118492
1382,13173,Lanier County,Georgia,GA,1382,9.699999999999999,1.350000000000000,9.699999999999999,2.999021543818838,0.051086439724167,11.655429702997376,13.169698480189727,-1.121680575698038,-1.955429702997376,2.092507671523813,weak,"231,228,187",E7E4BB,707028864.636718750000000,144730.793134292849572
1383,13185,Lowndes County,Georgia,GA,1383,9.300000000000001,1.410000000000000,9.300000000000001,3.167354590050874,0.055508065141881,11.210521623589766,12.642161303178671,-1.015347290488585,-1.910521623589766,2.104087037502696,weak,"231,228,187",E7E4BB,1799616817.390625000000000,255754.415952397539513
1384,13275,Thomas County,Georgia,GA,1384,12.100000000000000,0.650000000000000,12.100000000000000,2.210862933062812,0.141644832250452,11.697585372594686,12.409403605833029,-1.095104974212835,0.402414627405314,2.246320136753842,weak,"231,228,187",E7E4BB,1946965251.339843750000000,194826.331797766732052
1385,13021,Bibb County,Georgia,GA,1385,12.600000000000000,0.120000000000000,12.600000000000000,2.192499913036479,0.217525560742214,13.947725528623884,14.105917005663635,-1.318262308664589,-1.347725528623885,2.163288776975194,weakly negative,"223,170,88",DFAA58,937889059.460937500000000,162909.097382149746409
1386,13071,Colquitt County,Georgia,GA,1386,11.900000000000000,0.780000000000000,11.900000000000000,1.929496811663856,0.170419106249081,12.024119594639666,13.094096910860273,-1.371765790026419,-0.124119594639666,2.228723988964203,weakly negative,"223,170,88",DFAA58,1975788956.091796875000000,202645.794499617302790
1387,13079,Crawford County,Georgia,GA,1387,11.000000000000000,0.600000000000000,11.000000000000000,2.086414991949240,0.160037086038002,12.996314887567863,13.630944078991774,-1.057715319039852,-1.996314887567863,2.247626184195289,weak,"231,228,187",E7E4BB,1197974591.742187500000000,198425.436046759074088
1388,13081,Crisp County,Georgia,GA,1388,14.600000000000000,0.110000000000000,14.600000000000000,1.507093434054809,0.230681298366189,13.398108682161004,13.534956921926508,-1.244074906959127,1.201891317838996,2.239262853941937,weakly negative,"223,170,88",DFAA58,1013303502.953125000000000,141374.836826027807547
1389,13093,Dooly County,Georgia,GA,1389,10.699999999999999,-0.020000000000000,10.699999999999999,1.574084464649627,0.164428797638132,13.502889950756977,13.480297262784081,-1.129634398644816,-2.802889950756978,2.224354210110023,weak,"231,228,187",E7E4BB,1439635770.492187500000000,167704.771921651845332
1390,13095,Dougherty County,Georgia,GA,1390,15.800000000000001,-0.090000000000000,15.800000000000001,1.184753846302591,0.206372701812126,13.128854687052577,13.028767534950394,-1.112079467802037,2.671145312947424,2.247469605337526,weak,"231,228,187",E7E4BB,1197180861.257812500000000,169136.945707420149120
1391,13153,Houston County,Georgia,GA,1391,8.900000000000000,2.280000000000000,8.900000000000000,1.885582513633734,0.164309246822245,10.571678000513712,13.588251949568265,-1.323058749585331,-1.671678000513712,1.638521466265605,weakly negative,"223,170,88",DFAA58,1386921556.253906250000000,228526.836821663950104
1392,13177,Lee County,Georgia,GA,1392,8.600000000000000,3.190000000000000,8.600000000000000,1.210591627003024,0.278075505148680,9.594330786420224,13.357321276609499,-1.179620843319522,-0.994330786420225,0.926776627031765,weak,"231,228,187",E7E4BB,1301330554.632812500000000,189382.093909352406627
1393,13193,Macon County,Georgia,GA,1393,16.300000000000001,-0.450000000000000,16.300000000000001,1.614988711981796,0.105611525658023,13.844221632433266,13.425446068343216,-0.930612364644553,2.455778367566735,2.132947965166742,weak,"231,228,187",E7E4BB,1477813738.003906250000000,205597.243247421720298
1394,13205,Mitchell County,Georgia,GA,1394,10.900000000000000,0.080000000000000,10.900000000000000,1.409108935517121,0.115480882979674,12.598931582276826,12.677470421204319,-0.981735486593656,-1.698931582276826,2.235259225676879,weak,"231,228,187",E7E4BB,1825626221.099609375000000,210334.958167871023761
1395,13225,Peach County,Georgia,GA,1395,18.100000000000001,1.280000000000000,18.100000000000001,1.963837986808862,0.158148136713346,12.055798048725659,13.612467539824934,-1.216148039921308,6.044201951274342,2.198459698475128,weakly negative,"223,170,88",DFAA58,553493222.621093750000000,141635.129061715211719
1396,13249,Schley County,Georgia,GA,1396,14.100000000000000,1.460000000000000,14.100000000000000,1.402121508854934,0.085263378413712,12.363310717826735,13.488080201181425,-0.770390057092254,1.736689282173264,2.101273198146619,weak,"231,228,187",E7E4BB,609653984.460937500000000,138179.481815307663055
1397,13261,Sumter County,Georgia,GA,1397,15.199999999999999,-0.220000000000000,15.199999999999999,1.278084871988447,0.153183480709923,13.743593542663119,13.538357284416428,-0.932892082939501,1.456406457336881,2.212367330019184,weak,"231,228,187",E7E4BB,1780393905.574218750000000,215120.958264504908584
1398,13269,Taylor County,Georgia,GA,1398,15.100000000000000,-0.040000000000000,15.100000000000000,1.792625165129241,0.094529855638865,13.503762863110691,13.468541626781185,-0.880530908237619,1.596237136889309,2.199142585097151,weak,"231,228,187",E7E4BB,1387770456.988281250000000,234285.858291948941769
1399,13277,Tift County,Georgia,GA,1399,12.400000000000000,1.010000000000000,12.400000000000000,1.903057287771407,0.116387333143921,12.436314524994815,13.651882922172693,-1.203533066512749,-0.036314524994815,2.176322616282299,weak,"231,228,187",E7E4BB,959805728.707031250000000,139799.483847345458344
1400,13287,Turner County,Georgia,GA,1400,13.500000000000000,-0.360000000000000,13.500000000000000,1.625459978663908,0.184484760643059,14.124194480167787,13.681976487966953,-1.228383311668988,-0.624194480167787,2.139312096166731,weakly negative,"223,170,88",DFAA58,1040639969.195312500000000,154737.190706929919543
1401,13321,Worth County,Georgia,GA,1401,13.600000000000000,-0.360000000000000,13.600000000000000,1.459562685550784,0.295826563107198,13.908711141749485,13.422286054379551,-1.351180798249817,-0.308711141749486,2.156184833501631,weakly negative,"223,170,88",DFAA58,2055630049.226562500000000,240432.600961210526293
1402,13001,Appling County,Georgia,GA,1402,10.000000000000000,0.340000000000000,10.000000000000000,2.949258498956065,0.035582824140341,12.152282729227917,12.397955849713806,-0.722568001429086,-2.152282729227917,2.183296691657957,weak,"231,228,187",E7E4BB,1840685825.861328125000000,248452.530293796735350
1403,13005,Bacon County,Georgia,GA,1403,10.900000000000000,0.320000000000000,10.900000000000000,3.335548514778145,0.014349660778987,12.564344417860909,12.777627522604087,-0.666509702322432,-1.664344417860908,2.141548230460548,weak,"231,228,187",E7E4BB,1022682711.792968750000000,154356.674478915636428
1404,13025,Brantley County,Georgia,GA,1404,11.000000000000000,0.980000000000000,11.000000000000000,3.235738971434051,0.029262229061279,11.445947946651883,11.929289888602986,-0.493206063215411,-0.445947946651883,2.246467413520948,weak,"231,228,187",E7E4BB,1588482547.253906250000000,243495.791391177423066
1405,13031,Bulloch County,Georgia,GA,1405,12.100000000000000,1.940000000000000,12.100000000000000,2.164528966946422,0.340226884016721,10.794231564927319,14.986099668533381,-2.160756754436115,1.305768435072681,2.200864877554168,weakly negative,"223,170,88",DFAA58,2510110605.609375000000000,267935.012531902932096
1406,13043,Candler County,Georgia,GA,1406,11.100000000000000,1.160000000000000,11.100000000000000,2.185347113662748,0.264915471408119,12.035909401624625,14.468041541762668,-2.096665638050037,-0.935909401624626,2.245338211324505,weakly negative,"223,170,88",DFAA58,906606774.457031250000000,125191.812902726189350
1407,13107,Emanuel County,Georgia,GA,1407,10.500000000000000,0.470000000000000,10.500000000000000,2.003329920806476,0.347326244599501,13.937794804438699,15.468918188219682,-3.257709327193583,-3.437794804438699,2.244789659551287,negative,"221,91,59",DD5B3B,2525853614.951171875000000,284023.092676559346728
1408,13109,Evans County,Georgia,GA,1408,11.900000000000000,1.260000000000000,11.900000000000000,2.434663790615082,0.211810359512573,11.507649115595274,13.347693433640035,-1.460352633368858,0.392350884404726,2.268795998749968,weakly negative,"223,170,88",DFAA58,677205222.357421875000000,119568.632605644539581
1409,13127,Glynn County,Georgia,GA,1409,9.699999999999999,1.470000000000000,9.699999999999999,3.106850160368072,0.077248295452418,10.917061660405905,11.665510489426453,-0.509148863279285,-1.217061660405905,2.215862077758582,weak,"231,228,187",E7E4BB,1582941633.964843750000000,377341.818038036173675
1410,13165,Jenkins County,Georgia,GA,1410,24.000000000000000,-0.140000000000000,24.000000000000000,1.721986176468102,0.448837527194222,17.162348696573957,16.701440526668257,-3.292201213612136,6.837651303426043,2.165527001420124,negative,"221,91,59",DD5B3B,1294947363.042968750000000,146858.502033627330093
1411,13179,Liberty County,Georgia,GA,1411,11.900000000000000,-0.240000000000000,11.900000000000000,2.712078014346867,0.210589660802778,12.690639727443832,12.437792730191809,-1.053529155216762,-0.790639727443832,2.035575241991621,weak,"231,228,187",E7E4BB,1934094708.720703125000000,306866.411747191683389
1412,13183,Long County,Georgia,GA,1412,10.300000000000001,1.390000000000000,10.300000000000001,2.765318431804461,0.141502078986207,10.898712211386481,12.039535622768549,-0.820736267181344,-0.598712211386481,2.264306939253565,weak,"231,228,187",E7E4BB,1449529443.654296875000000,214825.510873247782001
1413,13191,McIntosh County,Georgia,GA,1413,10.000000000000000,0.980000000000000,10.000000000000000,2.919028385118170,0.151945211054635,11.122482586465756,11.792139598667081,-0.683323481838088,-1.122482586465756,2.251225808163182,weak,"231,228,187",E7E4BB,1622721340.378906250000000,355956.632258068129886
1414,13209,Montgomery County,Georgia,GA,1414,8.800000000000001,0.560000000000000,8.800000000000001,2.826652177703056,0.075412180698268,12.306126693209965,13.102344261371464,-1.421817086002678,-3.506126693209964,2.253621686009591,weakly negative,"223,170,88",DFAA58,892564047.195312500000000,164365.567174098076066
1415,13229,Pierce County,Georgia,GA,1415,10.000000000000000,1.500000000000000,10.000000000000000,3.211864078132245,0.031324985341742,11.306206284881096,12.365487927312284,-0.706187761620792,-1.306206284881096,2.076044104016493,weak,"231,228,187",E7E4BB,1225210005.349609375000000,205851.746901178674307
1416,13267,Tattnall County,Georgia,GA,1416,10.100000000000000,0.520000000000000,10.100000000000000,2.577665758080163,0.126246530320621,12.047000778227250,12.596893195863903,-1.057485418532023,-1.947000778227251,2.235731006019745,weak,"231,228,187",E7E4BB,1765017062.988281250000000,241854.846266945096431
1417,13279,Toombs County,Georgia,GA,1417,10.500000000000000,0.720000000000000,10.500000000000000,2.666446215115309,0.085128466525361,11.963125273769109,12.796289973513186,-1.157173194088996,-1.463125273769109,2.258004935452758,weak,"231,228,187",E7E4BB,1338947871.261718750000000,189637.020582870114595
1418,13283,Treutlen County,Georgia,GA,1418,13.800000000000001,-0.250000000000000,13.800000000000001,2.466832609668360,0.233472732999186,15.054633394988418,14.330157026658149,-2.897905473321076,-1.254633394988417,1.905591903338919,negative,"221,91,59",DD5B3B,736651661.197265625000000,139849.289975149906240
1419,13305,Wayne County,Georgia,GA,1419,12.900000000000000,1.250000000000000,12.900000000000000,2.898827635969745,0.078518764062367,11.098730258635873,11.962201933249368,-0.690777339690796,1.801269741364127,2.255365360760280,weak,"231,228,187",E7E4BB,2320419562.634765625000000,259154.303579390951199
1430,13039,Camden County,Georgia,GA,1430,11.199999999999999,1.250000000000000,11.199999999999999,3.188354740331757,0.025607876737861,11.260616270805919,11.642179989554915,-0.305250974999197,-0.060616270805919,2.248025414583345,weak,"231,228,187",E7E4BB,2334671185.859375000000000,427544.224711586895864
1431,13049,Charlton County,Georgia,GA,1431,11.000000000000000,0.480000000000000,11.000000000000000,3.428163354540687,0.008397859111380,11.645931997357437,11.756823177175029,-0.231023291286652,-0.645931997357437,2.144270134612077,weak,"231,228,187",E7E4BB,2756842456.166015625000000,371091.031523227167781
1432,13299,Ware County,Georgia,GA,1432,12.600000000000000,0.140000000000000,12.600000000000000,3.311710608470297,0.025862014361572,12.438326432461741,12.528867229741941,-0.646719980572855,0.161673567538259,2.024561933780018,weak,"231,228,187",E7E4BB,3208802275.687500000000000,404519.140539766289294
2206,13045,Carroll County,Georgia,GA,2206,11.500000000000000,2.960000000000000,11.500000000000000,2.714751972371685,0.253897526686730,11.307605373481682,13.323206610191306,-0.680946363753252,0.192394626518318,2.198507072765917,weak,"231,228,187",E7E4BB,1884911832.699218750000000,210685.126428706280421
2207,13063,Clayton County,Georgia,GA,2207,12.900000000000000,1.780000000000000,12.900000000000000,3.767456570483560,0.166626882705113,12.018865489844805,12.972042618705963,-0.535492769023122,0.881134510155196,2.221252952168669,weak,"231,228,187",E7E4BB,540044058.347656250000000,140244.137438951234799
2208,13077,Coweta County,Georgia,GA,2208,10.900000000000000,3.730000000000000,10.900000000000000,2.954934150382293,0.268019448890605,10.705872456021218,13.675028740376145,-0.796020451569685,0.194127543978782,2.110873557626726,weak,"231,228,187",E7E4BB,1659263859.929687500000000,211000.052329103869852
2209,13097,Douglas County,Georgia,GA,2209,11.500000000000000,3.970000000000000,11.500000000000000,3.460216799315867,0.197789953609209,10.729026659117803,12.741475066084760,-0.506913956414850,0.770973340882197,2.159451985388657,weak,"231,228,187",E7E4BB,751089489.925781250000000,126118.531456776850973
2210,13113,Fayette County,Georgia,GA,2210,8.300000000000001,1.860000000000000,8.300000000000001,3.420789362451442,0.186034701021391,12.114207513732509,13.255541035591108,-0.613620173042257,-3.814207513732509,2.236164515238477,weak,"231,228,187",E7E4BB,742223190.757812500000000,140732.058449788135476
2211,13149,Heard County,Georgia,GA,2211,13.600000000000000,0.550000000000000,13.600000000000000,2.380573338260721,0.382338154878677,13.714159037555469,14.315815093325469,-1.093920101400002,-0.114159037555469,2.186645748274800,weak,"231,228,187",E7E4BB,1118929044.062500000000000,145683.081793236196972
2212,13199,Meriwether County,Georgia,GA,2212,16.300000000000001,0.310000000000000,16.300000000000001,2.483698789041043,0.264348095863995,13.524131824501399,13.838653025057940,-1.014584517924328,2.775868175498601,2.142876250179889,weak,"231,228,187",E7E4BB,1867370403.773437500000000,196450.171396410674788
2213,13231,Pike County,Georgia,GA,2213,11.100000000000000,3.090000000000000,11.100000000000000,2.677567945484250,0.178782498290768,11.043791185971740,13.294689492918234,-0.728446054027992,0.056208814028260,2.135329438062215,weak,"231,228,187",E7E4BB,811011448.476562500000000,136695.413543204078451
2214,13285,Troup County,Georgia,GA,2214,12.800000000000001,1.050000000000000,12.800000000000001,2.224539540609021,0.381649037435693,13.159854589192397,14.595662836867495,-1.367436426357236,-0.359854589192397,2.232350259182883,weakly negative,"223,170,88",DFAA58,1648326082.835937500000000,173826.992794191610301
2224,13047,Catoosa County,Georgia,GA,2224,8.199999999999999,1.930000000000000,8.199999999999999,3.042790222517199,0.110574272210402,10.827696419044718,12.317032011392769,-0.771676472719197,-2.627696419044719,2.157108647229788,weak,"231,228,187",E7E4BB,627924755.113281250000000,125113.854861295578303
2225,13111,Fannin County,Georgia,GA,2225,10.100000000000000,2.130000000000000,10.100000000000000,3.799266554973778,0.257510623500908,10.728283013598588,12.428232485847795,-0.798098343778971,-0.628283013598589,2.247025071620786,weak,"231,228,187",E7E4BB,1509531702.636718750000000,222852.427291576081188
2226,13123,Gilmer County,Georgia,GA,2226,10.800000000000001,2.590000000000000,10.800000000000001,3.924207742463289,0.265048218758431,10.358529597887406,11.990050034273857,-0.629930670419479,0.441470402112595,2.240179850179447,weak,"231,228,187",E7E4BB,1658059775.949218750000000,202159.098709343641531
2227,13213,Murray County,Georgia,GA,2227,11.900000000000000,1.180000000000000,11.900000000000000,3.290814804252532,0.165689662073181,11.261471666515716,11.964391042842241,-0.595694386717394,0.638528333484285,2.222572849313113,weak,"231,228,187",E7E4BB,1334333256.835937500000000,232446.016801745863631
2228,13313,Whitfield County,Georgia,GA,2228,11.400000000000000,1.440000000000000,11.400000000000000,3.081329948418545,0.118247044014253,11.092049753921680,11.925014388512430,-0.578447662910243,0.307950246078320,2.257220775112199,weak,"231,228,187",E7E4BB,1119700404.472656250000000,220033.665935415774584
2278,13083,Dade County,Georgia,GA,2278,9.600000000000000,0.660000000000000,9.600000000000000,2.962031757896391,0.097906940833822,11.654525931874643,12.223970260774166,-0.862794437726551,-2.054525931874643,2.233945620504115,weak,"231,228,187",E7E4BB,671537748.785156250000000,130590.460827013055678
2279,13295,Walker County,Georgia,GA,2279,8.900000000000000,0.760000000000000,8.900000000000000,2.785799813167434,0.089018500565154,11.387130155782248,11.802410045746029,-0.546420907847080,-2.487130155782248,2.229056241204781,weak,"231,228,187",E7E4BB,1718748309.511718750000000,206195.000731813808670
2300,13015,Bartow County,Georgia,GA,2300,11.300000000000001,2.660000000000000,11.300000000000001,3.363683846346298,0.231562398880773,10.831978239719156,11.974616378937132,-0.429563210232322,0.468021760280845,2.241721787334880,weak,"231,228,187",E7E4BB,1785721708.769531250000000,189946.460896722914185
2301,13055,Chattooga County,Georgia,GA,2301,13.100000000000000,0.250000000000000,13.100000000000000,2.495880797210714,0.099061544731150,11.534719038249738,11.626947814450588,-0.368915104803400,1.565280961750261,2.174795155585682,weak,"231,228,187",E7E4BB,1197656009.945312500000000,157109.740181308588944
2302,13057,Cherokee County,Georgia,GA,2302,9.000000000000000,4.660000000000000,9.000000000000000,4.476440149014528,0.327729999630134,9.665644896506837,12.280464677506636,-0.561120124678068,-0.665644896506837,2.090743471434290,weak,"231,228,187",E7E4BB,1649230918.289062500000000,186552.291128091397695
2303,13067,Cobb County,Georgia,GA,2303,10.000000000000000,1.630000000000000,10.000000000000000,4.123426074216542,0.215777120083839,11.572344673751136,12.329941882417518,-0.464783563599007,-1.572344673751136,2.146579359610524,weak,"231,228,187",E7E4BB,1299236985.707031250000000,159112.293947652477073
2304,13115,Floyd County,Georgia,GA,2304,11.300000000000001,0.710000000000000,11.300000000000001,2.602843635267119,0.117640203472407,11.502467580574605,11.731051012030008,-0.321948495007610,-0.202467580574604,2.193593939211915,weak,"231,228,187",E7E4BB,1970776976.277343750000000,240340.903836964105722
2305,13121,Fulton County,Georgia,GA,2305,12.900000000000000,2.470000000000000,12.900000000000000,4.171067166756123,0.187692020740873,11.374964687133385,12.571900566053781,-0.484589424664128,1.525035312866615,2.234736623064954,weak,"231,228,187",E7E4BB,2009742498.281250000000000,337681.461743706138805
2306,13129,Gordon County,Georgia,GA,2306,12.800000000000001,2.130000000000000,12.800000000000001,3.131312867751773,0.170724988480932,10.744373578150567,11.637982957876037,-0.419534920058906,2.055626421849434,2.256326507992564,weak,"231,228,187",E7E4BB,1368932014.304687500000000,190371.198635711247334
2307,13143,Haralson County,Georgia,GA,2307,10.400000000000000,1.290000000000000,10.400000000000000,2.563267093781188,0.201012211518084,12.032859474176062,12.672360472284431,-0.495737207835945,-1.632859474176062,2.239318206366874,weak,"231,228,187",E7E4BB,1064819649.468750000000000,135851.457009906502208
2308,13223,Paulding County,Georgia,GA,2308,10.400000000000000,5.640000000000000,10.400000000000000,3.386338937778886,0.181546405337307,9.960355515882334,12.130919218210728,-0.384851720270992,0.439644484117666,1.699891754912841,weak,"231,228,187",E7E4BB,1188311286.480468750000000,146866.533194404648384
2309,13227,Pickens County,Georgia,GA,2309,8.699999999999999,3.280000000000000,8.699999999999999,4.219789734776217,0.276957208562019,10.135326238952834,11.908352720489718,-0.540556854127099,-1.435326238952834,2.236546432582191,weak,"231,228,187",E7E4BB,889045851.593750000000000,152049.080895252584014
2310,13233,Polk County,Georgia,GA,2310,12.699999999999999,1.180000000000000,12.699999999999999,2.652466682607278,0.148060874581232,11.635123449921505,12.026087078195776,-0.331325108707010,1.064876550078495,2.218154865845393,weak,"231,228,187",E7E4BB,1179238924.824218750000000,161267.455334796308307
2545,13011,Banks County,Georgia,GA,2545,7.000000000000000,1.710000000000000,7.000000000000000,3.367635497835797,0.071391256692966,10.380480230799357,10.972950373834752,-0.346473767856957,-3.380480230799357,2.246667560662479,weak,"231,228,187",E7E4BB,891060037.417968750000000,127706.460278766986448
2546,13013,Barrow County,Georgia,GA,2546,10.800000000000001,4.750000000000000,10.800000000000001,3.970614016842140,0.010781401916195,10.049638785599353,10.612334429383839,-0.118462240796734,0.750361214400648,2.106604673032543,weak,"231,228,187",E7E4BB,615348179.367187500000000,134519.554116704734042
2547,13059,Clarke County,Georgia,GA,2547,10.800000000000001,1.480000000000000,10.800000000000001,2.857347680630572,0.098419618993481,10.990362156556834,11.748447881765815,-0.512220084600662,-0.190362156556834,2.237114064980856,weak,"231,228,187",E7E4BB,458210809.039062500000000,110425.465992130251834
2548,13085,Dawson County,Georgia,GA,2548,11.000000000000000,3.560000000000000,11.000000000000000,4.860636041126738,0.140466040268076,9.827981660309499,11.273649651411622,-0.406086514354529,1.172018339690501,2.238481905067815,weak,"231,228,187",E7E4BB,816923484.738281250000000,159291.716723508579889
2549,13089,DeKalb County,Georgia,GA,2549,11.800000000000001,1.320000000000000,11.800000000000001,4.406763272413327,0.152120725511222,11.855104418910775,12.459360939160094,-0.457770091097968,-0.055104418910775,2.078394796897756,weak,"231,228,187",E7E4BB,1017721627.152343750000000,153269.286590432224330
2550,13105,Elbert County,Georgia,GA,2550,13.000000000000000,0.010000000000000,13.000000000000000,1.975248797058494,0.272721318235856,13.087481189889273,13.100561405365745,-1.308021547647177,-0.087481189889273,2.190840336829317,weakly negative,"223,170,88",DFAA58,1418377183.558593750000000,195252.190105500514619
2551,13117,Forsyth County,Georgia,GA,2551,8.199999999999999,6.170000000000000,8.199999999999999,5.080337802892761,0.078590512041401,9.245594635761284,11.100800053745171,-0.300681591245363,-1.045594635761285,1.619046153581279,weak,"231,228,187",E7E4BB,939335585.808593750000000,148701.778101109201089
2552,13119,Franklin County,Georgia,GA,2552,11.800000000000001,0.740000000000000,11.800000000000001,2.824134432052560,0.142978853093320,11.285451061632550,11.735810960767845,-0.608594458290938,0.514548938367451,2.207626257203009,weak,"231,228,187",E7E4BB,1014844721.644531250000000,153319.958498549269279
2553,13135,Gwinnett County,Georgia,GA,2553,9.699999999999999,3.440000000000000,9.699999999999999,4.761030204325364,0.064423836301048,10.441426794980622,11.434281847332436,-0.288620654753434,-0.741426794980622,2.248779780210696,weak,"231,228,187",E7E4BB,1648448832.457031250000000,192154.756471570959548
2554,13139,Hall County,Georgia,GA,2554,9.699999999999999,3.150000000000000,9.699999999999999,4.276391143344910,0.022909884361844,9.834789304515500,10.349802410423521,-0.163496224097784,-0.134789304515500,2.253504434384786,weak,"231,228,187",E7E4BB,1633279677.187500000000000,207155.720845223433571
2555,13147,Hart County,Georgia,GA,2555,13.800000000000001,0.770000000000000,13.800000000000001,2.396016988124191,0.193407364871648,11.742184292099534,12.447690881839824,-0.916242324338040,2.057815707900467,2.232692105061366,weak,"231,228,187",E7E4BB,976814694.898437500000000,135114.445748491474660
2556,13157,Jackson County,Georgia,GA,2556,10.900000000000000,4.290000000000000,10.900000000000000,3.547719962208238,0.019458095642870,9.815406093908582,10.513760904848933,-0.162786669216865,1.084593906091419,2.116243444487808,weak,"231,228,187",E7E4BB,1300171304.105468750000000,181034.476560810231604
2557,13195,Madison County,Georgia,GA,2557,7.600000000000000,1.120000000000000,7.600000000000000,2.581535348252979,0.134106131938961,11.016262726127181,11.671157106676054,-0.584727125490065,-3.416262726127181,2.234470031403625,weak,"231,228,187",E7E4BB,1081878326.046875000000000,174740.047009811562020
2558,13219,Oconee County,Georgia,GA,2558,7.200000000000000,2.890000000000000,7.200000000000000,3.005752089153239,0.108108905214418,10.533130732372213,12.219235261071208,-0.583427172560206,-3.333130732372212,2.241904197896151,weak,"231,228,187",E7E4BB,700848973.761718750000000,146685.511680249823257
2559,13221,Oglethorpe County,Georgia,GA,2559,8.199999999999999,1.320000000000000,8.199999999999999,2.091647364193860,0.242882654411913,11.727307802030957,13.317343985003845,-1.204572865888551,-3.527307802030958,2.253730015567042,weak,"231,228,187",E7E4BB,1665885623.976562500000000,212183.314346273866249
2560,13297,Walton County,Georgia,GA,2560,10.100000000000000,3.950000000000000,10.100000000000000,4.161787117136578,0.020748789157718,10.496816748430509,11.228025583009455,-0.185116160652897,-0.396816748430510,2.197666999825544,weak,"231,228,187",E7E4BB,1240682775.257812500000000,162192.587216660758713
2561,13317,Wilkes County,Georgia,GA,2561,10.500000000000000,-0.540000000000000,10.500000000000000,1.632621276339993,0.375607382928805,15.513762491989690,14.351562897236905,-2.152221471764415,-5.013762491989690,2.163169369979835,weakly negative,"223,170,88",DFAA58,1781446484.328125000000000,227741.842355163476896
2563,13009,Baldwin County,Georgia,GA,2563,16.800000000000001,0.620000000000000,16.800000000000001,1.869335353590421,0.414156470288857,14.862188424062204,16.343761538263916,-2.389634055164051,1.937811575937797,2.236164661611273,weakly negative,"223,170,88",DFAA58,988866491.136718750000000,189009.152975293225609
2564,13035,Butts County,Georgia,GA,2564,10.400000000000000,2.380000000000000,10.400000000000000,3.161301316581143,0.130689300054575,11.687788685809803,13.077106827051043,-0.583747118168589,-1.287788685809803,2.265922263738069,weak,"231,228,187",E7E4BB,706496966.679687500000000,140618.308182337234030
2565,13133,Greene County,Georgia,GA,2565,11.500000000000000,1.350000000000000,11.500000000000000,2.043465142671744,0.313974452730629,12.808728754048579,14.995213195172342,-1.619618104536121,-1.308728754048579,2.248938237099985,weakly negative,"223,170,88",DFAA58,1519810415.207031250000000,196390.349069066869561
2566,13141,Hancock County,Georgia,GA,2566,26.500000000000000,-0.690000000000000,26.500000000000000,1.594570708775974,0.439938178410645,18.138902283587207,16.315245642919351,-2.642980638649068,8.361097716412793,2.109614311009218,weakly negative,"223,170,88",DFAA58,1778130577.253906250000000,213450.593939335085452
2567,13151,Henry County,Georgia,GA,2567,10.300000000000001,5.480000000000000,10.300000000000001,3.670167830194337,0.113465439932442,10.190561441101142,12.698603321823917,-0.457671876044302,0.109438558898859,1.801590939538687,weak,"231,228,187",E7E4BB,1211183346.730468750000000,209529.244842051994056
2568,13159,Jasper County,Georgia,GA,2568,12.800000000000001,2.420000000000000,12.800000000000001,2.959024920604223,0.204650940434479,11.784386320704483,14.079722734775824,-0.948486121517083,1.015613679295518,2.246790249333587,weak,"231,228,187",E7E4BB,1389444409.476562500000000,173019.440455631382065
2569,13169,Jones County,Georgia,GA,2569,10.900000000000000,1.700000000000000,10.900000000000000,2.285247542639691,0.271013799329300,12.509374244895120,14.971810786376066,-1.448492083224085,-1.609374244895120,2.227618153264327,weakly negative,"223,170,88",DFAA58,1461297602.257812500000000,163472.515906556072878
2570,13171,Lamar County,Georgia,GA,2570,11.300000000000001,1.050000000000000,11.300000000000001,2.655910406728416,0.155944954940607,12.539517761276485,13.253048316238420,-0.679552909487556,-1.239517761276485,2.239631393498362,weak,"231,228,187",E7E4BB,687905758.660156250000000,124843.741709686684771
2571,13207,Monroe County,Georgia,GA,2571,7.900000000000000,1.850000000000000,7.900000000000000,2.496100250471225,0.172385362504286,12.085912035094118,13.580733763521952,-0.808011745096126,-4.185912035094118,2.251288028586828,weak,"231,228,187",E7E4BB,1468538564.292968750000000,176079.929646623932058
2572,13211,Morgan County,Georgia,GA,2572,12.199999999999999,2.100000000000000,12.199999999999999,3.010822058572814,0.202315078320017,11.864019528008711,13.941125767620020,-0.989098209338719,0.335980471991288,2.242309625080380,weak,"231,228,187",E7E4BB,1326650627.011718750000000,163845.534551033517346
2573,13217,Newton County,Georgia,GA,2573,12.500000000000000,5.260000000000000,12.500000000000000,3.793656476961642,0.099642034682837,10.043341277596216,12.607727989929558,-0.487525990937898,2.456658722403784,1.926466017175443,weak,"231,228,187",E7E4BB,1043367260.273437500000000,176970.283525412814924
2574,13237,Putnam County,Georgia,GA,2574,10.900000000000000,1.090000000000000,10.900000000000000,2.245618725423865,0.360994266321267,13.987955274498910,15.880684876027070,-1.736449175713908,-3.087955274498910,2.223408479775429,weakly negative,"223,170,88",DFAA58,1341437179.492187500000000,176048.213498559955042
2575,13247,Rockdale County,Georgia,GA,2575,11.699999999999999,2.170000000000000,11.699999999999999,4.202687978333778,0.090483443876627,11.419488196652541,12.227303751020369,-0.372265232427570,0.280511803347459,2.223062135397520,weak,"231,228,187",E7E4BB,495730535.515625000000000,121514.645773248921614
2576,13255,Spalding County,Georgia,GA,2576,16.399999999999999,1.020000000000000,16.399999999999999,3.109380144438745,0.148257622313985,12.473389347600653,13.062233598976254,-0.577298285662355,3.926610652399345,2.200563817753974,weak,"231,228,187",E7E4BB,741927782.089843750000000,153988.693137036723783
2577,13265,Taliaferro County,Georgia,GA,2577,16.699999999999999,-0.940000000000000,16.699999999999999,1.631103193978360,0.380550454729254,17.276870811971214,15.190536371372598,-2.219504724041083,-0.576870811971215,2.096851610795995,weakly negative,"223,170,88",DFAA58,731178768.468750000000000,165545.668832901603309
2578,13293,Upson County,Georgia,GA,2578,13.699999999999999,0.070000000000000,13.699999999999999,2.298454611383823,0.165222568369680,13.378848513821415,13.439745614140282,-0.869958575983820,0.321151486178584,2.154955338906824,weak,"231,228,187",E7E4BB,1206482123.253906250000000,176210.926294098171638
2579,13301,Warren County,Georgia,GA,2579,21.600000000000001,-0.840000000000000,21.600000000000001,1.418997115281920,0.463922623874205,18.333099816540969,15.702721012506920,-3.131403338135771,3.266900183459033,2.120061393161362,negative,"221,91,59",DD5B3B,1068756369.554687500000000,197661.449372618430061
2580,13303,Washington County,Georgia,GA,2580,19.500000000000000,-0.090000000000000,19.500000000000000,1.434023944603436,0.499209745563521,16.806158364011726,16.454729656999508,-3.904763411246866,2.693841635988274,2.215179907561807,negative,"221,91,59",DD5B3B,2525692192.937500000000000,261892.394586369860917
2581,13137,Habersham County,Georgia,GA,2581,10.199999999999999,2.190000000000000,10.199999999999999,3.463974851030132,0.119728839621368,10.262955193109192,11.346015569319277,-0.494548116990906,-0.062955193109193,2.270789072553824,weak,"231,228,187",E7E4BB,1070364045.949218750000000,185355.305840159271611
2582,13187,Lumpkin County,Georgia,GA,2582,11.100000000000000,3.200000000000000,11.100000000000000,4.446988453118577,0.116562367470656,9.816486351837096,11.056528647512584,-0.387513217398590,1.283513648162904,2.242758313753931,weak,"231,228,187",E7E4BB,1090283094.257812500000000,165565.915244444244308
2583,13281,Towns County,Georgia,GA,2583,8.300000000000001,2.230000000000000,8.300000000000001,3.760854556993019,0.127531533580591,10.197200571339561,11.591610521289853,-0.625295941681745,-1.897200571339560,2.246819178439872,weak,"231,228,187",E7E4BB,663927569.460937500000000,143770.441014971904224
2584,13291,Union County,Georgia,GA,2584,8.600000000000000,2.630000000000000,8.600000000000000,3.878360935408111,0.187264998000428,10.131706002281057,11.851318125305717,-0.653844913697589,-1.531706002281057,2.244118530538650,weak,"231,228,187",E7E4BB,1268199307.195312500000000,202963.475178518856410
2585,13311,White County,Georgia,GA,2585,8.400000000000000,2.810000000000000,8.400000000000000,3.861723122625366,0.115222136751373,9.940508108328554,11.180823107009228,-0.441393237964653,-1.540508108328554,2.249663014019058,weak,"231,228,187",E7E4BB,929201933.886718750000000,148701.483405762410257
2597,13241,Rabun County,Georgia,GA,2597,13.000000000000000,1.320000000000000,13.000000000000000,3.529054618567800,0.115140244198293,10.668618007122081,11.514460292520475,-0.640789610150299,2.331381992877919,2.249067517613089,weak,"231,228,187",E7E4BB,1454474741.359375000000000,222818.245987909467658
2598,13257,Stephens County,Georgia,GA,2598,10.800000000000001,0.100000000000000,10.800000000000001,3.105244629070824,0.142277065493243,11.660074999998111,11.722903932080579,-0.628289320824671,-0.860074999998110,2.043183952567960,weak,"231,228,187",E7E4BB,705188309.636718750000000,120105.975354081369005
2630,13033,Burke County,Georgia,GA,2630,15.199999999999999,0.400000000000000,15.199999999999999,1.472730130725593,0.503464387115059,15.370664863247057,16.911691642784632,-3.852566948843935,-0.170664863247058,2.236632465884497,negative,"221,91,59",DD5B3B,3087177824.097656250000000,301522.941631414636504
2631,13073,Columbia County,Georgia,GA,2631,7.900000000000000,2.820000000000000,7.900000000000000,1.387231460026333,0.438841960618311,6.379450089151245,15.010509919678103,-3.060659514371226,1.520549910848755,1.195954620232666,negative,"221,91,59",DD5B3B,1150228256.933593750000000,164064.935537191398907
2632,13125,Glascock County,Georgia,GA,2632,12.600000000000000,0.690000000000000,12.600000000000000,1.331687749378817,0.476612295966863,13.744484549261671,16.170749654736579,-3.516326239818708,-1.144484549261671,2.218239003665933,negative,"221,91,59",DD5B3B,536151154.308593750000000,112531.894409281841945
2633,13163,Jefferson County,Georgia,GA,2633,17.899999999999999,-0.440000000000000,17.899999999999999,1.374050063547618,0.487572786397648,18.144574776975890,16.412241341169793,-3.937121445013856,-0.244574776975892,2.156239016343092,negative,"221,91,59",DD5B3B,1958124377.390625000000000,223860.862839028646704
2634,13181,Lincoln County,Georgia,GA,2634,11.400000000000000,-0.240000000000000,11.400000000000000,1.517273260379830,0.422587398471860,14.935292384240190,14.307171252816026,-2.617171380934019,-3.535292384240190,2.215197221407597,weakly negative,"223,170,88",DFAA58,967610911.800781250000000,177632.395919125323417
2635,13189,McDuffie County,Georgia,GA,2635,13.900000000000000,0.280000000000000,13.900000000000000,1.388157490032436,0.454247074646141,14.442103211130831,15.330461050475822,-3.172706569089255,-0.542103211130831,2.265267761579753,negative,"221,91,59",DD5B3B,994140462.078125000000000,178929.884416352171684
2636,13245,Richmond County,Georgia,GA,2636,13.600000000000000,0.000000000000000,13.600000000000000,1.393033860510949,0.465764346290682,15.956095218760719,15.956095218760719,-3.633007120232229,-2.356095218760720,2.235360384307211,negative,"221,91,59",DD5B3B,1222754808.320312500000000,208941.994144357886398